id,question,n_options,mode,row,topic,polling_firm,date,keep,drop_reason,dk_shown,claim_cue,drop_category,correct,dk,incorrect,basis,confident_correct,confident_incorrect,total,opinion_wording,graded,format
187,"As far as you know, what do scientific studies conclude about global warming? Most scientific studies conclude that global warming is real. Most scientific studies conclude that global warming is not real. OR, Most scientific studies are divided, and there is no real consensus either way.",3,online,0,GW Scientist Agreement,60 Minutes/Vanity Fair,03/30/16-04/03/16,TRUE,,FALSE,FALSE,,0.61,0.03,0.36,Corpus columns,,,100,TRUE,FALSE,three or more
150,"As far as you know, would you say that average temperature around the world have been higher in the last three years than before that, lower, or about the same?",3,telephone,1,GW Happening,ABC News,03/09-14/06,TRUE,,FALSE,FALSE,,0.56,0.03,0.41,Roper topline,,,100,TRUE,FALSE,three or more
108,"Do you think most scientists agree with one another about whether or not global warming is happening, or do you think there is a lot of disagreement among scientists on this issue?",2,telephone,2,GW Scientist Agreement,ABC News,07/23-28/08,TRUE,,FALSE,FALSE,,0.39,0.04,0.57,Roper topline,,,100,TRUE,FALSE,binary
109,"Do you think most scientists agree with one another about the causes of global warming, or is there a lot of disagreement among scientists about that?",2,telephone,3,GW Scientist Agreement,ABC News,07/23-28/08,TRUE,,FALSE,FALSE,,0.32673267326732675,0.04950495049504951,0.6237623762376238,Roper topline,,,101,TRUE,FALSE,binary
114,"Do you think most scientists agree with one another about whether or not global warming is happening, or do you think there is a lot of disagreement among scientists on this issue?",2,telephone,5,GW Scientist Agreement,ABC News,03/09-14/06,TRUE,,FALSE,FALSE,,0.35,0.01,0.64,Roper topline,,,100,TRUE,FALSE,binary
149,"As far as you know, would you say that average temperature around the world have been higher in the last three years than before that, lower, or about the same?",3,telephone,6,GW Happening,ABC News/Washington Post,04/05-10/07,TRUE,,FALSE,FALSE,,0.56,0.07,0.37,Roper topline,,,100,TRUE,FALSE,three or more
105,"Do you think most scientists agree with one another about whether or not global warming is happening, or do you think there is a lot of disagreement among scientists on this issue?",2,telephone,8,GW Scientist Agreement,ABC News/Washington Post,12/10-13/09,TRUE,,FALSE,FALSE,,0.36,0.02,0.62,Roper topline,,,100,TRUE,FALSE,binary
111,"Do you think most scientists agree with one another about whether or not global warming is happening, or do you think there is a lot of disagreement among scientists on this issue?",2,telephone,9,GW Scientist Agreement,ABC News/Washington Post,04/05-10/07,TRUE,,FALSE,FALSE,,0.40404040404040403,0.030303030303030304,0.5656565656565656,Roper topline,,,99,TRUE,FALSE,binary
180,"Do you think most scientists agree with one another about whether or not global warming is happening, or do you think there is a lot of disagreement among scientists on this issue?",2,telephone,10,GW Scientist Agreement,ABC News/Washington Post,11/16-19/15,TRUE,,FALSE,FALSE,,0.43,0.06,0.51,Roper topline,,,100,TRUE,FALSE,binary
191,"Do you think most scientists agree with one another about whether or not global warming is happening, or do you think there is a lot of disagreement among scientists on this issue? (Options rotated)",2,online,11,GW Scientist Agreement,ABC News/Washington Post,11/16-19/15,TRUE,,FALSE,FALSE,,0.43,0.06,0.51,Corpus columns,,,100,TRUE,FALSE,binary
204,"As far as you know, how many medical scientists say that childhood vaccines for measles, mumps and rubella are safe for healthy children?...Almost all, more than half, about half, fewer than half, almost none",5,online,14,Vaccines Medical Scientists,"Abt SRBI, Inc.",05/10/16-06/10/16,TRUE,,FALSE,FALSE,,0.55,0.02,0.43,Roper topline,,,100,TRUE,FALSE,three or more
21,"Do you happen to know what Barack Obama's religion is? Is he Christian, Jewish, Muslim, Buddhist, Hundu, atheist, agnostic, or something else?",7,telephone,15,Obama Religion,"Abt SRBI, Inc.",04/14/11-07/22/11,TRUE,,FALSE,FALSE,,0.5432098765432098,0.3358024691358025,0.12098765432098765,Roper topline,,,101.25,FALSE,FALSE,three or more
23,Do you personally believe that Barack Obama is a Muslim or a Christian?,2,telephone,16,Obama Religion,"Abt SRBI, Inc.",08/16-17/10,TRUE,,FALSE,FALSE,,0.47,0.24,0.29,Roper topline,,,100,TRUE,FALSE,binary
6,"Do you think Barack Obama was born in the United States, or not?",2,telephone,19,Obama Citizenship,Anderson Robbins Research/Shaw & Co. Research,04/03-05/11,TRUE,,FALSE,FALSE,,0.6633663366336634,0.09900990099009901,0.2376237623762376,Roper topline,,,101,TRUE,FALSE,binary
228,"Do you think Russia interfered in the 2016 presidential election, or not?",2,telephone,20,Russia Meddling,Anderson Robbins Research/Shaw & Co. Research,07/16-18/17,TRUE,,FALSE,FALSE,,0.55,0.11,0.34,Roper topline,,,100,TRUE,FALSE,binary
229,Who do you think Russia wanted to win the (2016) presidential election--Hillary Clinton or Donald Trump?,2,telephone,21,Russia Meddling,Anderson Robbins Research/Shaw & Co. Research,07/16-18/17,TRUE,,FALSE,FALSE,,0.65,0.11,0.24,Roper topline,,,100,TRUE,FALSE,binary
100,"What is your personal opinion? Do you think that the world's temperature probably has been going up over the past 100 years, or do you think this probably has not been happening?",2,telephone,26,GW Happening,AP/GfK Roper Public Affairs & Corporate Communications,11/29/12-12/03/12,TRUE,,FALSE,FALSE,,0.78,0.04,0.18,Corpus columns,,,100,TRUE,FALSE,binary
231,"Do you believe Russia tried to interfere in the 2016 US election, or not? Do you think Russia interfered in order to help elect Donald Trump, or do you think they interfered, but not to help elect Donald Trump?",3,telephone,27,Russia Meddling,CBS News,06/15-18/17,TRUE,,FALSE,FALSE,,0.43564356435643564,0.07920792079207921,0.48514851485148514,Roper topline,,,101,TRUE,FALSE,three or more
234,"Do you believe Russia tried to interfere in the 2016 US election, or not? Do you think Russia interfered in order to help elect Donald Trump, or do you think they interfered, but not to help elect Donald Trump?",3,telephone,28,Russia Meddling,CBS News,03/25-28/17,TRUE,,FALSE,FALSE,,0.4,0.13,0.47,Roper topline,,,100,TRUE,FALSE,three or more
237,"Do you believe Russia tried to interfere in the 2016 US election, or not? Do you think Russia interfered in order to help elect Donald Trump, or do you think they interfered, but not to help elect Donald Trump?",3,telephone,29,Russia Meddling,CBS News,01/13-17/17,TRUE,,FALSE,FALSE,,0.43564356435643564,0.09900990099009901,0.46534653465346537,Roper topline,,,101,TRUE,FALSE,three or more
8,"Do you think Barack Obama was born in the United States, or do you think he was born in another country?...Hawaii, Kansas, someplace else in the US, not sure which state in the US, Kenya, Indonesia, someplace else outside the US, not sure which country",8,telephone,33,Obama Citizenship,CBS News,06/01-03/10,TRUE,,FALSE,FALSE,,0.63,0.13,0.24,Roper topline,,,100,TRUE,FALSE,three or more
194,"Which statement comes closest to your view about global warming? Global warming is caused mostly by human activity such as burning fossil fuels. Global warming is caused mostly by natural patterns in the earth's environment. OR, Global warming does not exist.",3,online,36,GW Happening Cause,CBS News/New York Times,09/10-14/14,TRUE,,FALSE,FALSE,,0.54,0.02,0.44,Corpus columns,,,100,TRUE,FALSE,three or more
5,"According to the Constitution, American presidents must be 'natural born citizens.' Some people say Barack Obama was not born in the United States, but was born in another country. Do you think Barack Obama was born in the United States, or do you think he was born in another country?",2,telephone,41,Obama Citizenship,CBS News/New York Times,04/15-20/11,TRUE,,FALSE,TRUE,,0.57,0.18,0.25,Roper topline,,,100,TRUE,FALSE,binary
11,"According to the Constitution, American Presidents must be 'natural born citizens.' Some people say Barack Obama was not born in the United States, but was born in another country. Do you think Barack Obama was born in the United States, or do you think he was born in another country?",2,telephone,42,Obama Citizenship,CBS News/New York Times,04/05-12/10,TRUE,,FALSE,TRUE,,0.58,0.22,0.2,Roper topline,,,100,TRUE,FALSE,binary
195,Which of the following statements comes closest to your view of global warming? Global warming is a proven fact and is mostly caused by emissions from cars and industrial facilities such as power plants and factories. Global warming is a proven fact and is mostly caused by natural changes that have nothing to do with emissions from cars and industrial facilities. Global warming is a theory that has not yet been proven.,3,online,43,GW Happening Cause,CNN/ORC,01/14-15/13,TRUE,,FALSE,FALSE,,0.49,0.04,0.47,Corpus columns,,,100,TRUE,FALSE,three or more
254,"On the subject of climate change do you think: (A) The world¡¯s climate is changing as a result of human activity; (B) The world¡¯s climate is changing but NOT
because of human activity; (C) The world¡¯s climate is NOT changing",3,online,44,GW Happening Cause,Economist/YouGov,06/04-06/17,TRUE,,FALSE,FALSE,,0.63,0,0.37,Corpus columns,,,100,TRUE,FALSE,three or more
255,"To the best of your knowledge, do you think there is a consensus in the scientific community that climate change is occurring and is mainly caused by human activity?",0,online,45,GW Scientist Agreement,Economist/YouGov,06/04-06/17,TRUE,,TRUE,FALSE,,0.58,0.2,0.22,Corpus columns,,,100,TRUE,FALSE,three or more
244,Do you think it is true or false that former President Obama ordered wire taps on Donald Trump's phones?,2,online,46,Obama Illegal Wiretapping,Economist/YouGov,03/06-07/17,TRUE,,TRUE,FALSE,,0.5,0.2,0.3,"Corpus columns; graded item, checked against footnote",29,9,100,TRUE,TRUE,graded
249,Political Accusations - Russia hacked the email of Democrats in order to increase the chance that Donald Trump would win the Presidential election. Do you think the following statements are true or not true?,2,online,49,Russia Meddling,Economist/YouGov,06/04-06/17,TRUE,,FALSE,FALSE,,0.55,0,0.45,"Corpus columns; graded item, checked against footnote",26,17,100,TRUE,TRUE,graded
251,Political Accusations - Russia tampered with vote tallies in order to get Donald Trump elected President. Do you think the following statements are true or not true?,2,online,50,Russia Meddling,Economist/YouGov,06/04-06/17,TRUE,,FALSE,FALSE,,0.62,0,0.38,Reversed: the corpus counted 'true' as correct; no evidence supports vote-tally tampering,27,13,100,TRUE,TRUE,graded
256,Conspiracy Theories - Russia hacked the email of Democrats in order to increase the chance that Donald Trump would win the Presidential election. Do you think the following statements are true or not true?,2,online,53,Russia Meddling,Economist/YouGov,05/13-16/17,TRUE,,FALSE,FALSE,,0.54,0,0.46,"Corpus columns; graded item, checked against footnote",20,16,100,TRUE,TRUE,graded
258,Conspiracy Theories - Russia tampered with vote tallies in order to get Donald Trump elected President. Do you think the following statements are true or not true?,2,online,54,Russia Meddling,Economist/YouGov,05/13-16/17,TRUE,,FALSE,FALSE,,0.65,0,0.35,Reversed: the corpus counted 'true' as correct; no evidence supports vote-tally tampering,27,11,100,TRUE,TRUE,graded
261,Conspiracy Theories - Russia hacked the email of Democrats in order to increase the chance that Donald Trump would win the Presidential election. Do you think the following statements are true or not true?,2,online,57,Russia Meddling,Economist/YouGov,07/09-11/17,TRUE,,FALSE,FALSE,,0.57,0,0.43,"Corpus columns; graded item, checked against footnote",28,17,100,TRUE,TRUE,graded
263,Conspiracy Theories - Russia tampered with vote tallies in order to get Donald Trump elected President. Do you think the following statements are true or not true?,2,online,58,Russia Meddling,Economist/YouGov,07/09-11/17,TRUE,,FALSE,FALSE,,0.6,0,0.4,Reversed: the corpus counted 'true' as correct; no evidence supports vote-tally tampering,27,15,100,TRUE,TRUE,graded
250,Political Accusations - Millions of illegal votes were cast in the election. Do you think the following statements are true or not true?,2,online,61,Voter Fraud 2016,Economist/YouGov,06/04-06/17,TRUE,,FALSE,FALSE,,0.56,0.01,0.43,"Corpus columns; graded item, checked against footnote",27,12,100,TRUE,TRUE,graded
257,Conspiracy Theories - Millions of illegal votes were cast in the election. Do you think the following statements are true or not true?,2,online,62,Voter Fraud 2016,Economist/YouGov,05/13-16/17,TRUE,,FALSE,FALSE,,0.56,0.01,0.43,"Corpus columns; graded item, checked against footnote",27,10,100,TRUE,TRUE,graded
262,Conspiracy Theories - Millions of illegal votes were cast in the election. Do you think the following statements are true or not true?,2,online,63,Voter Fraud 2016,Economist/YouGov,07/09-11/17,TRUE,,FALSE,FALSE,,0.54,0,0.46,"Corpus columns; graded item, checked against footnote",28,17,100,TRUE,TRUE,graded
189,"And from what you have heard or read, do you believe increases in the Earth's temperature over the last century are due more to the effects of pollution from human activities, or natural changes in the environment that are not due to human activities? (Options rotated)",2,online,64,GW Happening Cause,Gallup Organization,03/02-06/16,TRUE,,FALSE,FALSE,,0.65,0.04,0.31,Corpus columns,,,100,TRUE,FALSE,binary
146,"From what you have read or heard, do you personally think certain vaccines do--or do not--cause autism in children, or are you unsure?",3,telephone,65,Vaccines,Gallup Organization,02/28/15-03/01/15,TRUE,,TRUE,FALSE,,0.41414141414141414,0.5252525252525253,0.06060606060606061,Roper topline,,,99,TRUE,FALSE,three or more
3,"Do you think Barack Obama was definitely born in the United States, probably born in the United States, probably born in another country, definitely born in another country, or don't you know enough to say?",5,telephone,66,Obama Citizenship,Gallup Organization,05/05-08/11,TRUE,,TRUE,FALSE,,0.6565656565656566,0.21212121212121213,0.13131313131313133,Roper topline,,,99,TRUE,FALSE,three or more
4,"Do you think Barack Obama was definitely born in the United States, probably born in the United States, probably born in another country, definitely born in another country, or don't you know enough to say?",5,telephone,67,Obama Citizenship,Gallup Organization,04/20-23/11,TRUE,,TRUE,FALSE,,0.56,0.2,0.24,Roper topline,,,100,TRUE,FALSE,three or more
95,"Do you think Saddam Hussein was personally involved in the September 11th (2001) terrorist attacks (on the World Trade Center and the Pentagon), or not?",2,telephone,69,Iraq 9/11,Gallup Organization,06/21-23/04,TRUE,,FALSE,FALSE,,0.51,0.05,0.44,Roper topline,,,100,TRUE,FALSE,binary
97,"Do you think Saddam Hussein [suh-DAHM WHO-sane] was personally involved in the September 11th terrorist attacks, or not?",2,telephone,70,Iraq 9/11,Gallup Organization,12/15-16/03,TRUE,,FALSE,FALSE,,0.42,0.05,0.53,Roper topline,,,100,TRUE,FALSE,binary
239,"From what you have heard or read, who won the national popular vote this year (2016)--that is, the most votes in the country overall--Hillary Clinton or Donald Trump, or are you unsure?",3,telephone,72,Voter Fraud 2016,Gallup Organization,11/28-29/16,TRUE,,TRUE,FALSE,,0.66,0.19,0.15,Roper topline,,,100,TRUE,FALSE,three or more
15,"Do you happen to know the religion of each of the following people? If you don't know, you can mark that too¡¦Protestant, Catholic, Mormon, Jewish, Muslim, some other religion, no religion¡¦Barack Obama",6,online,75,Obama Religion,GfK Knowledge Networks,08/30/12-09/11/12,TRUE,,TRUE,FALSE,,0.28,0.37,0.35,Roper topline,,,100,FALSE,FALSE,three or more
143,"What is your personal opinion? Do you think that the world's temperature: probably has been going up over the past 100 years, probably has not been going up over the past 100 years",2,online,76,GW Happening,GfK Public Affairs & Corporate Communications,10/03-07/13,TRUE,,FALSE,FALSE,,0.74,0.02,0.24,Corpus columns,,,100,TRUE,FALSE,binary
203,"(Now, I am going to read you a list of words and phrases which people use to describe political figures. For each word or phrase, please tell me whether it describes Barack Obama very well, well, not too well, or not well at all.)...Is a Muslim",4,telephone,77,Obama Religion,Greenberg Quinlan Rosner Research,06/22-25/08,TRUE,,FALSE,FALSE,,0.69,0.07,0.24,Roper topline,,,100,FALSE,FALSE,three or more
197,You may have heard about the idea that the world¡¯s temperature may have been going up slowly over the past 100 years. What is your personal opinion on this?,2,online,87,GW Happening,Ipsos-Public Affairs,09/21-23/07,TRUE,,FALSE,FALSE,,0.84,0.02,0.14,Corpus columns,,,100,TRUE,FALSE,binary
25,"Do you happen to know the religion of each of the following people? If you don't know, you can mark that too¡¦Protestant, Catholic, Mormon, Jewish, Muslim, some other religion, no religion¡¦Barack Obama",6,online,88,Obama Religion,Knowledge Networks,12/23/10-01/10/11,TRUE,,TRUE,FALSE,,0.26262626262626265,0.42424242424242425,0.31313131313131315,Roper topline,,,99,FALSE,FALSE,three or more
30,"Do you happen to know the religion of each of the following (2008 presidential election) candidates? If you don't know, you can mark that too¡¦Protestant, Catholic, Mormon, Jewish, Muslim, some other religion, no religion¡¦Barack Obama",8,online,89,Obama Religion,Knowledge Networks,08/27/08-09/05/08,TRUE,,TRUE,FALSE,,0.36363636363636365,0.3939393939393939,0.24242424242424243,Roper topline,,,99,FALSE,FALSE,three or more
37,"(Do you happen to know the religion of each of the following (2008 presidential election) candidates? If you don't know, you can mark that too¡¦Protestant, Catholic, Mormon, Jewish, Muslim, some other religion, no religion)¡¦Barack Obama",8,online,90,Obama Religion,Knowledge Networks,04/02-14/08,TRUE,,TRUE,FALSE,,0.27,0.46,0.27,Roper topline,,,100,FALSE,FALSE,three or more
103,"Recently, you may have noticed that global warming has been getting some attention in the news. Global warming refers to the idea that the world's average temperature has been increasing over the past 150 years, may be increasing more in the future, and that the world's climate may change as a result. What do you think? Do you think that global warming is happening?",3,online,91,GW Happening,Knowledge Networks,05/14/10-06/01/10,TRUE,,FALSE,FALSE,,0.61,0.21,0.18,Corpus columns,,,100,TRUE,FALSE,three or more
9,"As you may know, some people have suggested that President (Barack) Obama was not born in the United States. Do you think Obama was not born in the US, Obama was born in the US, or it is not clear whether Obama was born in the US or not?",3,online,93,Obama Citizenship,Knowledge Networks,11/06-15/10,TRUE,,TRUE,TRUE,,0.55,0.3,0.15,Roper topline,,,100,TRUE,FALSE,three or more
19,"Do you happen to know what¡¦Barack Obama's religion is? Is he Protestant, Catholic, Jewish, Mormon, Muslim, something else, or is he not religious?",7,telephone,94,Obama Religion,Latino Decisions,11/27/11-12/04-11,TRUE,,FALSE,FALSE,,0.10972568578553615,0.49875311720698257,0.3915211970074813,Roper topline,,,100.25,FALSE,FALSE,three or more
133,"As you may know, President Trump has said he believes between 3 million to 5 million votes may have been cast illegally. Do you believe 3 million to 5 million votes were cast illegally, or not?",2,online,95,Voter Fraud 2016,Morning Consult,01/26-28/17,TRUE,,FALSE,TRUE,,0.44,0.31,0.25,Corpus columns,,,100,TRUE,FALSE,binary
200,"Some people believe Barack Obama, despite his professed Christianity, is secretly a Muslim. Others say that is just a rumor and Obama really is a Christian as he says, and point out he's attended a Christian church for years. What do you believe--is Obama a Muslim or a Christian?",2,telephone,97,Obama Religion,Opinion Dynamics,07/22-23/08,TRUE,,FALSE,TRUE,,0.5757575757575758,0.2727272727272727,0.15151515151515152,Roper topline,,,99,TRUE,FALSE,binary
86,"From what you know, do you think it is true or not true that the health care (reform) legislation will create these so called 'death panels' (or government organizations that will and will not receive health services when they are critically ill)?",2,telephone,100,ACA Death Panel,Opinion Research Corporation,08/14-17/09,TRUE,,FALSE,TRUE,,0.5,0.2,0.3,Roper topline,,,100,TRUE,FALSE,binary
2,"Do you think Barack Obama was definitely born in the United States, probably born in the United States, probably born in another country, or definitely born in another country?",4,telephone,101,Obama Citizenship,Opinion Research Corporation,04/29/11-05/01/11,TRUE,,FALSE,FALSE,,0.8080808080808081,0.020202020202020204,0.1717171717171717,Roper topline,,,99,TRUE,FALSE,three or more
7,"Do you think Barack Obama was definitely born in the United States, probably born in the United States, probably born in another country, or definitely born in another country?",4,telephone,102,Obama Citizenship,Opinion Research Corporation,03/11-13/11,TRUE,,FALSE,FALSE,,0.72,0.03,0.25,Roper topline,,,100,TRUE,FALSE,three or more
10,"Do you think Barack Obama was definitely born in the United States, probably born in the United States, probably born in another country, or definitely born in another country?",4,telephone,103,Obama Citizenship,Opinion Research Corporation,07/16-21/10,TRUE,,FALSE,FALSE,,0.71,0.02,0.27,Roper topline,,,100,TRUE,FALSE,three or more
117,"Since the start of military action in Iraq, about how many US (United States) military personnel have been killed? To the best of your knowledge, have there been...around 2,300, around 4,300, around 6,300, or around 8,300 troop deaths?",4,telephone,104,Iraq Mil. Deaths,Opinion Research Corporation,10/16-19/09,TRUE,,FALSE,FALSE,,0.42,0.06,0.52,Roper topline,,,100,TRUE,FALSE,three or more
119,"(Now I would like to ask you about some things that have been in the news recently. Not everyone will have heard of them.)...Since the start of military action in Iraq, about how many US (United States) military personnel have been killed? To the best of your knowledge, have there been...around 2,300, around 3,300, around 4,300 or around 5,300 troop deaths?",4,telephone,105,Iraq Mil. Deaths,Opinion Research Corporation,03/26-29/09,TRUE,,FALSE,FALSE,,0.38,0.02,0.6,Roper topline,,,100,TRUE,FALSE,three or more
120,"Since the start of military action in Iraq, about how many US (United States) military personnel have been killed? To the best of your knowledge, have there been...around 1,500, around 2,500, around 3,500, or around 4,500 troop deaths?",4,telephone,106,Iraq Mil. Deaths,Opinion Research Corporation,08/16-19/07,TRUE,,FALSE,FALSE,,0.54,0.02,0.44,Roper topline,,,100,TRUE,FALSE,three or more
152,"(Now I would like to ask you about some things that have been in the news recently. Not everyone will have heard of them.) Since the start of military action in Iraq, about how many US (United States) military personnel have been killed? To the best of your knowledge, have there been...around 2,000, around 3,000, around 4,000, or around 5,000 troop deaths?",4,telephone,107,Iraq Mil. Deaths,Opinion Research Corporation,04/04-07/08,TRUE,,FALSE,FALSE,,0.6,0.03,0.37,Roper topline,,,100,TRUE,FALSE,three or more
153,"(Now I would like to ask you about some things that have been in the news recently. Not everyone will have heard of them.)...Since the start of military action in Iraq, about how many US (United States) military personnel have been killed? To the best of your knowledge, have there been...around 2,000, around 3,000, around 4,000, or around 5,000?",4,telephone,108,Iraq Mil. Deaths,Opinion Research Corporation,02/28/08-03/02/08,TRUE,,FALSE,FALSE,,0.28,0.03,0.69,Roper topline,,,100,TRUE,FALSE,three or more
154,"(Now I would like to ask you about some things that have been happening in Iraq recently. Not everyone will have heard of them.)...Since the start of military action in Iraq, about how many US (United States) soldiers have been killed overall? To the best of your knowledge, have there been around 1,500, around 2,500, around 3,500, or around 4,500 military deaths in Iraq?",4,telephone,109,Iraq Mil. Deaths,Opinion Research Corporation,06/22-25/07,TRUE,,FALSE,FALSE,,0.49,0.1,0.41,Roper topline,,,100,TRUE,FALSE,three or more
14,"Do you happen to know what religion Barack Obama is? Is he Protestant, Catholic, Jewish, Mormon, Muslim, something else, or not religious?",7,telephone,111,Obama Religion,ORC International,09/04-08/15,TRUE,,FALSE,FALSE,,0.38613861386138615,0.13861386138613863,0.4752475247524752,Roper topline,,,101,FALSE,FALSE,three or more
91,"(Based on what you have learned, please tell me whether you believe each of the following is true or is not true.)... Iraq was connected to the September eleventh (2001) terrorist attacks (on the World Trade Center and the Pentagon)",2,telephone,112,Iraq 9/11,Peter D. Hart and Robert M. Teeter Research Companies,06/25-28/04,TRUE,,FALSE,FALSE,,0.49,0.11,0.4,Roper topline,,,100,TRUE,FALSE,binary
92,"As far as you know, does Iraq now have¡¦nuclear weapons, or not?",2,telephone,115,Iraq WMD,Princeton Survey Research Associates,01/03-06/03,TRUE,,FALSE,FALSE,,0.2376237623762376,0.3564356435643564,0.40594059405940597,Roper topline,,,101,TRUE,FALSE,binary
22,"As far as you know, what is Barack Obama's religion? Is he a Christian, a Muslim, or something else?",3,telephone,118,Obama Religion,Princeton Survey Research Associates International,08/25-26/10,TRUE,,FALSE,FALSE,,0.42,0.24,0.34,Roper topline,,,100,TRUE,FALSE,three or more
32,"As far as you know, what is (2008) Democratic presidential (election) candidate Barack Obama's religion? Is he a Christian, a Muslim, or something else?",3,telephone,119,Obama Religion,Princeton Survey Research Associates International,06/18-19/08,TRUE,,FALSE,FALSE,,0.61,0.19,0.2,Roper topline,,,100,TRUE,FALSE,three or more
34,"As far as you know, what is Barack Obama's religion? Is he a Christian, a Muslim, or something else?",3,telephone,120,Obama Religion,Princeton Survey Research Associates International,05/21-22/08,TRUE,,FALSE,FALSE,,0.58,0.22,0.2,Roper topline,,,100,TRUE,FALSE,three or more
36,"As far as you know, what is Barack Obama's religion? Is he a Christian, a Muslim, or something else?",3,telephone,121,Obama Religion,Princeton Survey Research Associates International,04/24-25/08,TRUE,,FALSE,FALSE,,0.52,0.26,0.22,Roper topline,,,100,TRUE,FALSE,three or more
201,"(As I read you some statements about Barack Obama, please tell me if each one is true or false, to the best of your knowledge.)...Obama is a practicing Muslim today....As far as you know is this true or false?",2,telephone,122,Obama Religion,Princeton Survey Research Associates International,07/09-10/08,TRUE,,FALSE,FALSE,,0.69,0.19,0.12,Roper topline,,,100,TRUE,FALSE,binary
116,"(Next I'd like to ask about some things that have been in the news. Please answer as best as you can. If you don't know the answer just tell me and we'll move to the next question.)...Do you happen to know if the national unemployment rate as reported by the government is currently closer to...5%, 10%, 15% or 20%?",5,telephone,124,Unemployment Rate,Princeton Survey Research Associates International,11/11-14/10,TRUE,,TRUE,FALSE,,0.53,0.17,0.3,Roper topline,,,100,FALSE,FALSE,three or more
16,"Now, thinking about Barack Obama's religious beliefs¡¦Do you happen to know what Barack Obama's religion is? Is he Christian, Jewish, Muslim, Buddhist, Hindu, atheist, agnostic, or something else?",8,telephone,125,Obama Religion,Princeton Survey Research Associates International,06/28/12-07/09/12,TRUE,,FALSE,FALSE,,0.4488778054862843,0.3690773067331671,0.18204488778054864,Roper topline,,,100.25,FALSE,FALSE,three or more
24,"Now, thinking about Barak Obama's religious beliefs¡¦Do you happen to know what Barack Obama's religion is?  Is he Christian, Jewish, Muslim, Buddhist, Hindu, athiest, agnostic, or something else?",8,telephone,126,Obama Religion,Princeton Survey Research Associates International,07/21/10-08/05/10,TRUE,,FALSE,FALSE,,0.33663366336633666,0.44554455445544555,0.21782178217821782,Roper topline,,,101,FALSE,FALSE,three or more
26,"Now, thinking about Barack Obama's religious beliefs¡¦Do you happen to know what Barack Obama's religion is? Is he Christian, Jewish, Muslim, Buddhist, Hindu, atheist, agnostic, or something else? (If Don't know, probe:) Is that because you've heard of different things about his religion, or because you don't know enough about him?",8,telephone,127,Obama Religion,Princeton Survey Research Associates International,03/09-12/09,TRUE,,FALSE,FALSE,,0.47880299251870323,0.39900249376558605,0.12219451371571072,Roper topline,,,100.25,FALSE,FALSE,three or more
27,"Now, thinking about Barack Obama's religious beliefs¡¦Do you happen to know what Barack Obama's religion is? Is he Christian, Jewish, Muslim, Buddhist, Hindu, atheist, agnostic, or something else? (If Don't know, probe:) Is that because you've heard of different things about his religion, or because you don't know enough about him?",8,telephone,128,Obama Religion,Princeton Survey Research Associates International,10/16-19/08,TRUE,,FALSE,FALSE,,0.504950495049505,0.3564356435643564,0.13861386138613863,Roper topline,,,101,FALSE,FALSE,three or more
29,"Now, thinking about Barack Obama's religious beliefs¡¦Do you happen to know what Barack Obama's religion is? Is he Christian, Jewish, Muslim, Buddhist, Hindu, atheist, agnostic, or something else? (If Don't know, probe:) Is that because you've heard of different things about his religion, or because you don't know enough about him?",8,telephone,129,Obama Religion,Princeton Survey Research Associates International,09/09-14/08,TRUE,,FALSE,FALSE,,0.4752475247524752,0.3465346534653465,0.1782178217821782,Roper topline,,,101,FALSE,FALSE,three or more
38,"Now, thinking about Barack Obama's religious beliefs¡¦Do you happen to know what Barack Obama's religion is? Is he Christian, Jewish, Muslim, Buddhist, Hindu, atheist, agnostic, or something else? (If Don't know, probe:) Is that because you've heard of different things about his religion, or because you don't know enough about him?",8,telephone,130,Obama Religion,Princeton Survey Research Associates International,03/19-22/08,TRUE,,FALSE,FALSE,,0.4641975308641975,0.3950617283950617,0.14074074074074075,Roper topline,,,101.25,FALSE,FALSE,three or more
33,"Now, thinking about Barack Obama's religious beliefs¡¦Do you happen to know what Barack Obama's religion is? Is he Christian, Jewish, Muslim, Buddhist, Hindu, atheist, agnostic, or something else? (If Don't know, probe:) Is that because you've heard of different things about his religion, or because you don't know enough about him?",8,telephone,131,Obama Religion,Princeton Survey Research Associates International,06/18-29/08,TRUE,,FALSE,FALSE,,0.5643564356435643,0.27722772277227725,0.15841584158415842,Roper topline,,,101,FALSE,FALSE,three or more
112,"Now, thinking specifically about the issue of global warming...do you think most climate scientists agree that the earth has been warming in recent years, or do you think there is a lot of disagreement among climate scientists about whether the earth has been warming?",2,telephone,133,GW Scientist Agreement,Princeton Survey Research Associates International,08/01-02/07,TRUE,,FALSE,FALSE,,0.52,0.09,0.39,Roper topline,,,100,TRUE,FALSE,binary
113,"Do you think most climate scientists agree that human activities, such as burning coal and oil, are a major cause of global warming, or do you think there is a lot of disagreement among climate scientists about whether human activities are a major cause?",2,telephone,134,GW Scientist Agreement,Princeton Survey Research Associates International,08/01-02/07,TRUE,,FALSE,FALSE,,0.46534653465346537,0.1188118811881188,0.4158415841584158,Roper topline,,,101,TRUE,FALSE,binary
87,"Do you think Saddam Hussein's regime in Iraq was directly involved in planning, financing, or carrying out the terrorist attacks of September 11th, 2001 (on the World Trade Center and the Pentagon), or not?",2,telephone,135,Iraq 9/11,Princeton Survey Research Associates International,06/18-19/08,TRUE,,FALSE,FALSE,,0.56,0.1,0.34,Roper topline,,,100,TRUE,FALSE,binary
163,"Do you think Saddam Hussein's regime in Iraq was directly involved in planning, financing, or carrying out the terrorist attacks (on the World Trade Center and the Pentagon) of September 11th, 2001, or not?",2,telephone,136,Iraq 9/11,Princeton Survey Research Associates International,09/30/04-10/02/04,TRUE,,FALSE,FALSE,,0.51,0.13,0.36,Roper topline,,,100,TRUE,FALSE,binary
164,"Do you think Saddam Hussein's regime in Iraq was directly involved in planning, financing, or carrying out the terrorist attacks (on the World Trade Center and the Pentagon) of September 11th, 2001, or not?",2,telephone,137,Iraq 9/11,Princeton Survey Research Associates International,09/02-03/04,TRUE,,FALSE,FALSE,,0.44,0.14,0.42,Roper topline,,,100,TRUE,FALSE,binary
166,"Do you think Saddam Hussein's regime in Iraq was directly involved in planning, financing, or carrying out the terrorist attacks (on the World Trade Center and the Pentagon) of September 11th, 2001, or not?",2,telephone,138,Iraq 9/11,Princeton Survey Research Associates International,01/29-30/04,TRUE,,FALSE,FALSE,,0.39,0.12,0.49,Roper topline,,,100,TRUE,FALSE,binary
167,"Do you think Saddam Hussein's regime in Iraq was directly involved in planning, financing, or carrying out the terrorist attacks (on the World Trade Center and the Pentagon) of September 11th, 2001, or not?",2,telephone,139,Iraq 9/11,Princeton Survey Research Associates International,09/18-10/03,TRUE,,FALSE,FALSE,,0.37,0.16,0.47,Roper topline,,,100,TRUE,FALSE,binary
138,"Thinking about vaccines for diseases such as measles, mumps, and rubella, do you think these vaccines are safe for healthy children or are they not safe for healthy children?",2,telephone,140,Vaccines,Princeton Survey Research Associates International,02/05-08/15,TRUE,,FALSE,FALSE,,0.8383838383838383,0.0707070707070707,0.09090909090909091,Roper topline,,,99,TRUE,FALSE,binary
89,"(Next I'd like to ask about some things that have been in the news. Please answer as best you can. If you don't know the answer just tell me and we'll move to the next question.)...Which one of the following countries did most of the 9/11 (September 11, 2001) hijackers (that attacked the World Trade Center and the Pentagon) come from?...Saudi Arabia, Iraq, Iran, Syria",5,telephone,142,Iraq 9/11,Princeton Survey Research Associates International,06/18-19/07,TRUE,,TRUE,FALSE,,0.43,0.12,0.45,Roper topline,,,100,FALSE,FALSE,three or more
115,"(Next I'd like to ask about some things that have been in the news. Please answer as best as you can. If you don't know the answer just tell me and we'll move to the next question.)...The federal government loaned money to banks under the bank bailout program known as TARP (Troubled Asset Relief Program). How much of that money has been paid back to the government?...All of it, more than half of it, less than half of it, none of it",5,telephone,143,TARP,Princeton Survey Research Associates International,11/11-14/10,TRUE,,TRUE,FALSE,,0.16,0.28,0.56,Roper topline,,,100,FALSE,FALSE,three or more
209,And one last question to get your view on a topic that has been in the news...Was Barack Obama born in the United States or was he born in another country?,2,telephone,144,Obama Citizenship,Princeton Survey Research Associates International,04/07-10/11,TRUE,,FALSE,FALSE,,0.55,0.22,0.23,Roper topline,,,100,FALSE,FALSE,binary
75,"(I'm going to read you a list of specific elements or parts of the law. For each, please tell me whether you think it is included in the (2010) health reform law, or not.) To the best of your knowledge, would you say the health reform law does or does not...create a new government run insurance plan to be offered along with private plans?",2,telephone,146,ACA,Princeton Survey Research Associates International,09/12-18/13,TRUE,,FALSE,FALSE,,0.32,0.16,0.52,Roper topline,,,100,TRUE,FALSE,binary
82,"(I'm going to read you a list of specific elements or parts of the law. For each, please tell me whether you think it is included in the (2010) health reform law, or not.) To the best of your knowledge, would you say the health reform law does or does not...cut benefits for people in the traditional Medicare program?",2,telephone,147,ACA,Princeton Survey Research Associates International,09/12-18/13,TRUE,,FALSE,FALSE,,0.4,0.18,0.42,Roper topline,,,100,TRUE,FALSE,binary
55,"(I'm going to read you a list of specific elements or parts of the (2010 health reform) law. For each, please tell me whether you think it is something the law does, or not.) To the best of your knowledge, would you say the health reform law does or does not¡¦establish a government panel to make decisions about end-of-life care for people on Medicare?",2,telephone,148,ACA Death Panel,Princeton Survey Research Associates International,12/02-09/14,TRUE,,FALSE,FALSE,,0.40594059405940597,0.18811881188118812,0.40594059405940597,Roper topline,,,101,TRUE,FALSE,binary
63,"(I'm going to read you a list of specific elements or parts of the (2010 health care) law. For each, please tell me whether you think it is something the law does, or not.) To the best of your knowledge, would you say the health reform law does or does not¡¦establish a government panel to make decisions about end-of-life care for people on Medicare?",3,telephone,149,ACA Death Panel,Princeton Survey Research Associates International,03/11-17/14,TRUE,,FALSE,FALSE,,0.43564356435643564,0.22772277227722773,0.33663366336633666,Roper topline,,,101,TRUE,FALSE,three or more
78,"(I'm going to read you a list of specific elements or parts of the law. For each, please tell me whether you think it is included in the (2010) health reform law, or not.) To the best of your knowledge, would you say the health reform law does or does not...establish a government panel to make decisions about end-of-life care for people on Medicare?",2,telephone,150,ACA Death Panel,Princeton Survey Research Associates International,09/12-18/13,TRUE,,FALSE,FALSE,,0.38,0.2,0.42,Roper topline,,,100,TRUE,FALSE,binary
178,"(I'm going to read you a list of specific elements or parts of the (2010 health reform) law. For each, please tell me whether you think it is included in the health reform law, or not.) To the best of your knowledge, would you say the health reform law does or does not...establish a government panel to make decisions about end-of-life care for people on Medicare?",2,telephone,151,ACA Death Panel,Princeton Survey Research Associates International,03/05-10/13,TRUE,,FALSE,FALSE,,0.39,0.21,0.4,Roper topline,,,100,TRUE,FALSE,binary
179,"(I'm going to read you a list of specific ways the new (2010) health reform law may or may not impact Medicare. For each, please tell me if you think it is something the law does or does not do.) To the best of your knowledge, would you say the new law does or does not...establish a government panel to make decisions about end-of-life care for people on Medicare?",2,telephone,152,ACA Death Panel,Princeton Survey Research Associates International,09/13-19/12,TRUE,,FALSE,FALSE,,0.39,0.22,0.39,Roper topline,,,100,TRUE,FALSE,binary
219,"(I'm going to read you a list of specific ways the new (March 2010) health reform law may or may not impact Medicare. For each, please tell me if you think it is something the law does or does not do.) To the best of your knowledge, would you say the new law does or does not...allow a government panel to make decisions about end-of-life care for people on Medicare?",2,telephone,153,ACA Death Panel,Princeton Survey Research Associates International,06/09-14/11,TRUE,,FALSE,FALSE,,0.48,0.21,0.31,Corpus columns,,,100,TRUE,FALSE,binary
54,"(I'm going to read you a list of specific elements or parts of the (2010 health reform) law. For each, please tell me whether you think it is something the law does, or not.) To the best of your knowledge, would you say the health reform law does or does not¡¦allow undocumented immigrants to receive financial help from the government to buy health insurance?",2,telephone,154,ACA Illegal Imm.,Princeton Survey Research Associates International,12/02-09/14,TRUE,,FALSE,FALSE,,0.38,0.19,0.43,Roper topline,,,100,TRUE,FALSE,binary
59,"(I'm going to read you a list of specific elements or parts of the (2010 health care) law. For each, please tell me whether you think it is something the law does, or not.) To the best of your knowledge, would you say the health reform law does or does not¡¦allow undocumented immigrants to receive financial help from the government to buy health insurance?",2,telephone,155,ACA Illegal Imm.,Princeton Survey Research Associates International,03/11-17/14,TRUE,,FALSE,FALSE,,0.32,0.22,0.46,Roper topline,,,100,TRUE,FALSE,binary
76,"(I'm going to read you a list of specific elements or parts of the law. For each, please tell me whether you think it is included in the (2010) health reform law, or not.) To the best of your knowledge, would you say the health reform law does or does not...allow undocumented immigrants to receive financial help from the government to buy health insurance?",2,telephone,156,ACA Illegal Imm.,Princeton Survey Research Associates International,09/12-18/13,TRUE,,FALSE,FALSE,,0.35353535353535354,0.21212121212121213,0.43434343434343436,Roper topline,,,99,TRUE,FALSE,binary
174,"(I'm going to read a list of specific elements or parts of the 2010 health care law. For each, please tell me whether you think it is something the law does, or not.) To the best of your knowledge, would you say the 2010 health care law does or does not...allow undocumented immigrants to receive financial help from the government to buy health insurance?",2,telephone,157,ACA Illegal Imm.,Princeton Survey Research Associates International,03/06-12/17,TRUE,,FALSE,FALSE,,0.38902743142144636,0.11221945137157108,0.49875311720698257,Roper topline,,,100.25,TRUE,FALSE,binary
175,"(I'm going to read you a list of specific elements or parts of the (2010 health reform) law. For each, please tell me whether you think it is included in the health reform law, or not.) To the best of your knowledge, would you say the health reform law does or does not...allow undocumented immigrants to receive financial help from the government to buy health insurance?",2,telephone,158,ACA Illegal Imm.,Princeton Survey Research Associates International,03/05-10/13,TRUE,,FALSE,FALSE,,0.32673267326732675,0.2079207920792079,0.46534653465346537,Roper topline,,,101,TRUE,FALSE,binary
176,"Thinking again about the 2010 health care law...to the best of your knowledge, would you say the health care law does or does not...allow undocumented immigrants to receive financial help from the government to buy health insurance?",2,telephone,159,ACA Illegal Imm.,Princeton Survey Research Associates International,02/14-19/13,TRUE,,FALSE,FALSE,,0.35,0.23,0.42,Roper topline,,,100,TRUE,FALSE,binary
177,"(I'm going to read you a list of specific reform proposals. For each, please tell me whether you think it was included in the new (March 2010) health reform law, or not.) To the best of your knowledge, would you say the new law does or does not...allow undocumented immigrants to receive financial help from the government to buy health insurance?",2,telephone,160,ACA Illegal Imm.,Princeton Survey Research Associates International,12/01-06/10,TRUE,,FALSE,FALSE,,0.42424242424242425,0.16161616161616163,0.41414141414141414,Roper topline,,,99,TRUE,FALSE,binary
220,"Thinking again about the 2010 health care law...to the best of your knowledge, would you say the health care law does or does not...allow undocumented immigrants to enroll in the Medicaid program?",2,telephone,161,ACA Illegal Imm.,Princeton Survey Research Associates International,02/14-19/13,TRUE,,FALSE,FALSE,,0.35,0.23,0.42,Corpus columns,,,100,TRUE,FALSE,binary
151,"(Now I would like to ask you about some things that have been in the news recently. Not everyone will have heard of them.) Since the start of military action in Iraq, about how many US (United States) military personnel have been killed? To the best of your knowledge, have there been...around 2,200, around 3,200, around 4,300, or around 5,200?",4,telephone,162,Iraq Mil. Deaths,Princeton Survey Research Associates International,12/04-07/08,TRUE,,FALSE,FALSE,,0.4,0.04,0.56,Roper topline,,,100,TRUE,FALSE,three or more
155,"Since the start of military action in Iraq, about how many US (United States) soldiers have been killed? To the best of your knowledge, have there been around 1,000, around 2,000, around 3,000, or around 4,000 military deaths in Iraq?",4,telephone,163,Iraq Mil. Deaths,Princeton Survey Research Associates International,02/01-13/07,TRUE,,FALSE,FALSE,,0.55,0.06,0.39,Roper topline,,,100,TRUE,FALSE,three or more
156,"Since the start of military action in Iraq, about how many US (United States) soldiers have been killed? To the best of your knowledge, have there been around 1,000, around 2,000, around 3,000, or around 4,000 military deaths in Iraq?",4,telephone,164,Iraq Mil. Deaths,Princeton Survey Research Associates International,12/06-10/06,TRUE,,FALSE,FALSE,,0.47,0.07,0.46,Roper topline,,,100,TRUE,FALSE,three or more
157,"Since the start of military action in Iraq, about how many US (United States) soldiers have been killed? To the best of your knowledge, have there been around 500, around 1,500, around 2,0500, or around 3,500 military deaths in Iraq?",4,telephone,165,Iraq Mil. Deaths,Princeton Survey Research Associates International,04/07-16/06,TRUE,,FALSE,FALSE,,0.53,0.08,0.39,Roper topline,,,100,TRUE,FALSE,three or more
158,"Since the start of military action in Iraq, about how many US (United States) soldiers have been killed? To the best of your knowledge, have there been around 500, around 1000, around 2000, or around 3000 military deaths in Iraq?",4,telephone,166,Iraq Mil. Deaths,Princeton Survey Research Associates International,10/12-24/05,TRUE,,FALSE,FALSE,,0.48,0.05,0.47,Roper topline,,,100,TRUE,FALSE,three or more
159,"Since the start of military action in Iraq, about how many U.S. (United States) soldiers have been killed? To the best of your knowledge, has it been under 500, 500 to 1000, 1000 to 2000, or more than 2000?",4,telephone,167,Iraq Mil. Deaths,Princeton Survey Research Associates International,06/08-12/05,TRUE,,FALSE,FALSE,,0.54,0.05,0.41,Roper topline,,,100,TRUE,FALSE,three or more
160,"(Next I would like to ask you about some things that have been in the news. Not everyone will have heard about them.)¡¦Since the start of the military action in Iraq last March (2003), about how many U.S. (United States) soldiers have been killed? To the best of your knowledge, has it been under 500, 500 to 1000, 1000 to 2000, or more than 2000? (If Respondent says '500', '1000' or '2000', prompt:) Would you say it is a little over or a little under?",4,telephone,168,Iraq Mil. Deaths,Princeton Survey Research Associates International,04/19/04-05/12/04,TRUE,,FALSE,FALSE,,0.55,0.07,0.38,Roper topline,,,100,TRUE,FALSE,three or more
18,"Do you happen to know what¡¦Barack Obama's religion is? Is he Protestant, Catholic, Jewish, Mormon, Muslim, something else, or is he not religious?",7,telephone,170,Obama Religion,Public Religion Research Institute,05/02-06/12,TRUE,,FALSE,FALSE,,0.3308270676691729,0.41353383458646614,0.2556390977443609,Roper topline,,,99.75,FALSE,FALSE,three or more
20,"Thinking about current political leaders¡¦Do you happen to know what¡¦Barack Obama's religion is? Is he Protestant, Catholic, Jewish, Mormon, Muslim, something else, or is he not religious?",6,telephone,171,Obama Religion,Public Religion Research Institute,07/14-17/11,TRUE,,FALSE,FALSE,,0.337468982630273,0.39950372208436724,0.2630272952853598,Roper topline,,,100.75,FALSE,FALSE,three or more
211,Global warming is happening?,2,online,172,GW Happening,Reuters,08/16/15-09/16/15,TRUE,,TRUE,FALSE,,0.6890000000000001,0.163,0.14800000000000002,Corpus columns,,,100,FALSE,FALSE,binary
1,Do you think President Barack Obama was or was not born in the United States?,2,telephone,174,Obama Citizenship,Selzer & Co.,09/21-24/16,TRUE,,FALSE,FALSE,,0.75,0.14,0.11,Roper topline,,,100,TRUE,FALSE,binary
198,"As you may know, the federal government runs a deficit when it spends more than it takes in during a given year. Since Barack Obama became president in 2009, would you say that the annual federal budget deficit has increased, stayed the same, or decreased?",3,online,179,Deficit Obama,YouGov/Huffington Post,01/28-29/14,TRUE,,TRUE,FALSE,,0.19,0.13,0.68,Corpus columns,,,100,FALSE,FALSE,three or more
